dep,predictors,proportion,m_try,ntree,rmse,r2,nse,n_test
k,"clay,nitrogen,sand,silt,mean_annual_air_temp_c",0.6,2,100,0.005109621033427875,0.23,0.2339790632178591,818
k,"clay,nitrogen,sand,silt,mean_annual_air_temp_c",0.6,3,100,0.005175180595991273,0.21,0.21419592320064573,818
k,"clay,nitrogen,sand,silt,mean_annual_air_temp_c",0.6,4,100,0.005219013014391863,0.2,0.2008284447353733,818
k,"clay,nitrogen,sand,silt,mean_annual_air_temp_c",0.6,5,100,0.005282181424034463,0.18,0.18136579795032326,818
k,"clay,nitrogen,sand,silt,mean_annual_air_temp_c",0.6,6,100,0.005345880359661473,0.16,0.1615025847510546,818
k,"clay,nitrogen,sand,silt,mean_annual_air_temp_c",0.6,2,500,0.0050700187941144625,0.25,0.24580717483528403,818
k,"clay,nitrogen,sand,silt,mean_annual_air_temp_c",0.6,3,500,0.005138770016553669,0.23,0.2252142562584465,818
k,"clay,nitrogen,sand,silt,mean_annual_air_temp_c",0.6,4,500,0.00518222841557975,0.21,0.21205417128887827,818
k,"clay,nitrogen,sand,silt,mean_annual_air_temp_c",0.6,5,500,0.005281457721971332,0.18,0.18159010174769652,818
k,"clay,nitrogen,sand,silt,mean_annual_air_temp_c",0.6,6,500,0.005350633513870216,0.16,0.16001086437700285,818
k,"clay,nitrogen,sand,silt,mean_annual_air_temp_c",0.6,2,1000,0.005068019056337337,0.25,0.2464020012105309,818
k,"clay,nitrogen,sand,silt,mean_annual_air_temp_c",0.6,3,1000,0.005132935279857996,0.23,0.22697269430216838,818
k,"clay,nitrogen,sand,silt,mean_annual_air_temp_c",0.6,4,1000,0.005180671940748675,0.21,0.21252741699550792,818
k,"clay,nitrogen,sand,silt,mean_annual_air_temp_c",0.6,5,1000,0.005266690449870181,0.19,0.1861603496406946,818
k,"clay,nitrogen,sand,silt,mean_annual_air_temp_c",0.6,6,1000,0.005336459791944068,0.16,0.16445519917254148,818
k,"clay,nitrogen,sand,silt,mean_annual_air_temp_c",0.6,2,2000,0.00506049062549699,0.25,0.24863924479193633,818
k,"clay,nitrogen,sand,silt,mean_annual_air_temp_c",0.6,3,2000,0.005127876709951402,0.23,0.22849559906248595,818
k,"clay,nitrogen,sand,silt,mean_annual_air_temp_c",0.6,4,2000,0.005182646708653523,0.21,0.21192696516902065,818
k,"clay,nitrogen,sand,silt,mean_annual_air_temp_c",0.6,5,2000,0.0052577336896510425,0.19,0.18892609726504928,818
k,"clay,nitrogen,sand,silt,mean_annual_air_temp_c",0.6,6,2000,0.005333404799095828,0.17,0.16541158330906292,818
k,"clay,nitrogen,sand,silt,mean_annual_air_temp_c",0.7,2,100,0.0050855988018319144,0.27,0.26603901709025446,614
k,"clay,nitrogen,sand,silt,mean_annual_air_temp_c",0.7,3,100,0.005140222393165397,0.25,0.25018763165524793,614
k,"clay,nitrogen,sand,silt,mean_annual_air_temp_c",0.7,4,100,0.005191953501077013,0.24,0.23501949083305362,614
k,"clay,nitrogen,sand,silt,mean_annual_air_temp_c",0.7,5,100,0.0052893066839306896,0.21,0.2060625660368537,614
k,"clay,nitrogen,sand,silt,mean_annual_air_temp_c",0.7,6,100,0.005328845698336561,0.19,0.19414840202245165,614
k,"clay,nitrogen,sand,silt,mean_annual_air_temp_c",0.7,2,500,0.005064498564856521,0.27,0.2721168159394116,614
k,"clay,nitrogen,sand,silt,mean_annual_air_temp_c",0.7,3,500,0.005109676697602806,0.26,0.2590726512559608,614
k,"clay,nitrogen,sand,silt,mean_annual_air_temp_c",0.7,4,500,0.005146640201416854,0.25,0.2483141111206042,614
k,"clay,nitrogen,sand,silt,mean_annual_air_temp_c",0.7,5,500,0.005230336941961251,0.22,0.2236668772015834,614
k,"clay,nitrogen,sand,silt,mean_annual_air_temp_c",0.7,6,500,0.005296485333422158,0.2,0.20390603910031202,614
k,"clay,nitrogen,sand,silt,mean_annual_air_temp_c",0.7,2,1000,0.005064100540298206,0.27,0.2722312217367887,614
k,"clay,nitrogen,sand,silt,mean_annual_air_temp_c",0.7,3,1000,0.005108288140885194,0.26,0.2594752911555712,614
k,"clay,nitrogen,sand,silt,mean_annual_air_temp_c",0.7,4,1000,0.005150994850324697,0.25,0.24704154773450016,614
k,"clay,nitrogen,sand,silt,mean_annual_air_temp_c",0.7,5,1000,0.005222643648387608,0.23,0.2259490116712266,614
k,"clay,nitrogen,sand,silt,mean_annual_air_temp_c",0.7,6,1000,0.005285351850502353,0.21,0.20724938186653685,614
k,"clay,nitrogen,sand,silt,mean_annual_air_temp_c",0.7,2,2000,0.005063078628071017,0.27,0.27252491289395997,614
k,"clay,nitrogen,sand,silt,mean_annual_air_temp_c",0.7,3,2000,0.005102450516349303,0.26,0.26116683048788436,614
k,"clay,nitrogen,sand,silt,mean_annual_air_temp_c",0.7,4,2000,0.005143179279090297,0.25,0.24932473228670748,614
k,"clay,nitrogen,sand,silt,mean_annual_air_temp_c",0.7,5,2000,0.005213414821553024,0.23,0.22868221400077615,614
k,"clay,nitrogen,sand,silt,mean_annual_air_temp_c",0.7,6,2000,0.005279786219196748,0.21,0.20891808234912157,614
k,"clay,nitrogen,sand,silt,mean_annual_air_temp_c",0.8,2,100,0.005279900004770085,0.25,0.24821594476051845,409
k,"clay,nitrogen,sand,silt,mean_annual_air_temp_c",0.8,3,100,0.0053503008467007266,0.23,0.2280340917598077,409
k,"clay,nitrogen,sand,silt,mean_annual_air_temp_c",0.8,4,100,0.005356353416897304,0.23,0.22628651874843575,409
k,"clay,nitrogen,sand,silt,mean_annual_air_temp_c",0.8,5,100,0.005422070332910347,0.21,0.20718472534945565,409
k,"clay,nitrogen,sand,silt,mean_annual_air_temp_c",0.8,6,100,0.005487491845870539,0.19,0.1879374339841582,409
k,"clay,nitrogen,sand,silt,mean_annual_air_temp_c",0.8,2,500,0.005288055427020168,0.25,0.24589171455974934,409
k,"clay,nitrogen,sand,silt,mean_annual_air_temp_c",0.8,3,500,0.005304962596739882,0.24,0.2410618790657495,409
k,"clay,nitrogen,sand,silt,mean_annual_air_temp_c",0.8,4,500,0.005336016785908941,0.23,0.23215052886109544,409
k,"clay,nitrogen,sand,silt,mean_annual_air_temp_c",0.8,5,500,0.0053862943299515225,0.22,0.21761254525307094,409
k,"clay,nitrogen,sand,silt,mean_annual_air_temp_c",0.8,6,500,0.00549101862495057,0.19,0.18689328278471218,409
k,"clay,nitrogen,sand,silt,mean_annual_air_temp_c",0.8,2,1000,0.005284954210157029,0.25,0.24677595928976592,409
k,"clay,nitrogen,sand,silt,mean_annual_air_temp_c",0.8,3,1000,0.0052930243934459255,0.24,0.24447384013731377,409
k,"clay,nitrogen,sand,silt,mean_annual_air_temp_c",0.8,4,1000,0.005333063119309422,0.23,0.23300035513703632,409
k,"clay,nitrogen,sand,silt,mean_annual_air_temp_c",0.8,5,1000,0.00538031701763812,0.22,0.2193480535718485,409
k,"clay,nitrogen,sand,silt,mean_annual_air_temp_c",0.8,6,1000,0.005479136565662609,0.19,0.1904084517212229,409
k,"clay,nitrogen,sand,silt,mean_annual_air_temp_c",0.8,2,2000,0.005281366078911614,0.25,0.24779838981334623,409
k,"clay,nitrogen,sand,silt,mean_annual_air_temp_c",0.8,3,2000,0.005297699701672306,0.24,0.24313854392512202,409
k,"clay,nitrogen,sand,silt,mean_annual_air_temp_c",0.8,4,2000,0.0053393024849178045,0.23,0.23120461766806355,409
k,"clay,nitrogen,sand,silt,mean_annual_air_temp_c",0.8,5,2000,0.005396576392781034,0.21,0.21462264729186886,409
k,"clay,nitrogen,sand,silt,mean_annual_air_temp_c",0.8,6,2000,0.005484568545457802,0.19,0.18880240858001762,409
k,"clay,nitrogen,sand,silt,mean_annual_air_temp_c",0.9,2,100,0.005525900031340016,0.15,0.1482876785755961,205
k,"clay,nitrogen,sand,silt,mean_annual_air_temp_c",0.9,3,100,0.005524715982370325,0.15,0.14865263669908335,205
k,"clay,nitrogen,sand,silt,mean_annual_air_temp_c",0.9,4,100,0.005631675391919062,0.12,0.11536908832689163,205
k,"clay,nitrogen,sand,silt,mean_annual_air_temp_c",0.9,5,100,0.005783756878568077,0.07,0.0669456533672026,205
k,"clay,nitrogen,sand,silt,mean_annual_air_temp_c",0.9,6,100,0.005856493467750604,0.04,0.04332988202940791,205
k,"clay,nitrogen,sand,silt,mean_annual_air_temp_c",0.9,2,500,0.005468042332545231,0.17,0.1660296344348,205
k,"clay,nitrogen,sand,silt,mean_annual_air_temp_c",0.9,3,500,0.005538441787045098,0.14,0.14441714531585503,205
k,"clay,nitrogen,sand,silt,mean_annual_air_temp_c",0.9,4,500,0.005619021972466316,0.12,0.11933985373543121,205
k,"clay,nitrogen,sand,silt,mean_annual_air_temp_c",0.9,5,500,0.0057019784750275025,0.09,0.0931446292928727,205
k,"clay,nitrogen,sand,silt,mean_annual_air_temp_c",0.9,6,500,0.005786074761433919,0.07,0.06619764680695583,205
k,"clay,nitrogen,sand,silt,mean_annual_air_temp_c",0.9,2,1000,0.005482959295436926,0.16,0.16147324186230183,205
k,"clay,nitrogen,sand,silt,mean_annual_air_temp_c",0.9,3,1000,0.005516002840686181,0.15,0.1513358735402769,205
k,"clay,nitrogen,sand,silt,mean_annual_air_temp_c",0.9,4,1000,0.005601176810131611,0.12,0.12492465774168393,205
k,"clay,nitrogen,sand,silt,mean_annual_air_temp_c",0.9,5,1000,0.005703086370921649,0.09,0.09279219059004118,205
k,"clay,nitrogen,sand,silt,mean_annual_air_temp_c",0.9,6,1000,0.005794291090285203,0.06,0.06354373201189634,205
k,"clay,nitrogen,sand,silt,mean_annual_air_temp_c",0.9,2,2000,0.005473949518679361,0.16,0.16422676645690804,205
k,"clay,nitrogen,sand,silt,mean_annual_air_temp_c",0.9,3,2000,0.005518470832018374,0.15,0.15057627847398014,205
k,"clay,nitrogen,sand,silt,mean_annual_air_temp_c",0.9,4,2000,0.005593018612221207,0.13,0.12747192200872037,205
k,"clay,nitrogen,sand,silt,mean_annual_air_temp_c",0.9,5,2000,0.00568773934229165,0.1,0.09766822085515747,205
k,"clay,nitrogen,sand,silt,mean_annual_air_temp_c",0.9,6,2000,0.005788690192224323,0.07,0.0653532583354749,205
k,"clay,nitrogen,sand,silt,mean_precip",0.6,2,100,0.0052478678295586716,0.27,0.26707073976602724,819
k,"clay,nitrogen,sand,silt,mean_precip",0.6,3,100,0.005291908967016243,0.25,0.2547173477356838,819
k,"clay,nitrogen,sand,silt,mean_precip",0.6,4,100,0.005313589555305535,0.25,0.24859809440243008,819
k,"clay,nitrogen,sand,silt,mean_precip",0.6,5,100,0.005367812526043398,0.23,0.23318436060230185,819
k,"clay,nitrogen,sand,silt,mean_precip",0.6,6,100,0.005473855279953688,0.2,0.20258774594773388,819
k,"clay,nitrogen,sand,silt,mean_precip",0.6,2,500,0.005211659723522693,0.28,0.27714966351758885,819
k,"clay,nitrogen,sand,silt,mean_precip",0.6,3,500,0.005247220931714078,0.27,0.26725142310309524,819
k,"clay,nitrogen,sand,silt,mean_precip",0.6,4,500,0.005302547532851228,0.25,0.2517177843026993,819
k,"clay,nitrogen,sand,silt,mean_precip",0.6,5,500,0.005348472119106414,0.24,0.2387001303874069,819
k,"clay,nitrogen,sand,silt,mean_precip",0.6,6,500,0.005425137183710856,0.22,0.21671874750561104,819
k,"clay,nitrogen,sand,silt,mean_precip",0.6,2,1000,0.005215903523892257,0.28,0.27597196518018574,819
k,"clay,nitrogen,sand,silt,mean_precip",0.6,3,1000,0.005236858245883362,0.27,0.27014276138774596,819
k,"clay,nitrogen,sand,silt,mean_precip",0.6,4,1000,0.005283861493583686,0.26,0.25698234588119584,819
k,"clay,nitrogen,sand,silt,mean_precip",0.6,5,1000,0.005352835829253176,0.24,0.23745736531149597,819
k,"clay,nitrogen,sand,silt,mean_precip",0.6,6,1000,0.005423063199824005,0.22,0.2173175165773742,819
k,"clay,nitrogen,sand,silt,mean_precip",0.6,2,2000,0.00520783437407019,0.28,0.2782104159365629,819
k,"clay,nitrogen,sand,silt,mean_precip",0.6,3,2000,0.005233163796602515,0.27,0.27117218372499674,819
k,"clay,nitrogen,sand,silt,mean_precip",0.6,4,2000,0.005279916365402834,0.26,0.25809146109201186,819
k,"clay,nitrogen,sand,silt,mean_precip",0.6,5,2000,0.005344586941656072,0.24,0.2398057585892185,819
k,"clay,nitrogen,sand,silt,mean_precip",0.6,6,2000,0.005421442284163368,0.22,0.21778532329501832,819
k,"clay,nitrogen,sand,silt,mean_precip",0.7,2,100,0.005370634167504724,0.25,0.25290420584272455,615
k,"clay,nitrogen,sand,silt,mean_precip",0.7,3,100,0.0053858681899927995,0.25,0.24865985945933677,615
k,"clay,nitrogen,sand,silt,mean_precip",0.7,4,100,0.005489558344432972,0.22,0.21945137852422458,615
k,"clay,nitrogen,sand,silt,mean_precip",0.7,5,100,0.005565098044860118,0.2,0.19782191953190942,615
k,"clay,nitrogen,sand,silt,mean_precip",0.7,6,100,0.005626182604574405,0.18,0.18011527024346952,615
k,"clay,nitrogen,sand,silt,mean_precip",0.7,2,500,0.00534126125054797,0.26,0.26105384823002165,615
k,"clay,nitrogen,sand,silt,mean_precip",0.7,3,500,0.005382063427733328,0.25,0.2497210294614236,615
k,"clay,nitrogen,sand,silt,mean_precip",0.7,4,500,0.005419133833072113,0.24,0.23934993994174436,615
k,"clay,nitrogen,sand,silt,mean_precip",0.7,5,500,0.0054755884262355364,0.22,0.2234190295131595,615
k,"clay,nitrogen,sand,silt,mean_precip",0.7,6,500,0.00556408622081954,0.2,0.1981135906843028,615
k,"clay,nitrogen,sand,silt,mean_precip",0.7,2,1000,0.005332067229501494,0.26,0.2635955846948971,615
k,"clay,nitrogen,sand,silt,mean_precip",0.7,3,1000,0.005358667132169652,0.26,0.25622990656886213,615
k,"clay,nitrogen,sand,silt,mean_precip",0.7,4,1000,0.005404469553529478,0.24,0.24346103720137224,615
k,"clay,nitrogen,sand,silt,mean_precip",0.7,5,1000,0.005456664077817919,0.23,0.228777683806192,615
k,"clay,nitrogen,sand,silt,mean_precip",0.7,6,1000,0.005554985723801277,0.2,0.20073454108632693,615
k,"clay,nitrogen,sand,silt,mean_precip",0.7,2,2000,0.005330743273971973,0.26,0.2639612386198147,615
k,"clay,nitrogen,sand,silt,mean_precip",0.7,3,2000,0.005360888018911265,0.26,0.2556132713508601,615
k,"clay,nitrogen,sand,silt,mean_precip",0.7,4,2000,0.005396876772415476,0.25,0.24558527886170756,615
k,"clay,nitrogen,sand,silt,mean_precip",0.7,5,2000,0.00545711024200387,0.23,0.22865156065134162,615
k,"clay,nitrogen,sand,silt,mean_precip",0.7,6,2000,0.005553297746400579,0.2,0.20122020823974063,615
k,"clay,nitrogen,sand,silt,mean_precip",0.8,2,100,0.005528008959486763,0.27,0.27415874197779433,410
k,"clay,nitrogen,sand,silt,mean_precip",0.8,3,100,0.005485244865419521,0.29,0.2853453674689096,410
k,"clay,nitrogen,sand,silt,mean_precip",0.8,4,100,0.005572214025760629,0.26,0.26250385884029537,410
k,"clay,nitrogen,sand,silt,mean_precip",0.8,5,100,0.005633524528509798,0.25,0.24618538509734111,410
k,"clay,nitrogen,sand,silt,mean_precip",0.8,6,100,0.005679363860799863,0.23,0.23386807261000542,410
k,"clay,nitrogen,sand,silt,mean_precip",0.8,2,500,0.005504966088635428,0.28,0.28019730211620286,410
k,"clay,nitrogen,sand,silt,mean_precip",0.8,3,500,0.005524254440604097,0.28,0.275144362399951,410
k,"clay,nitrogen,sand,silt,mean_precip",0.8,4,500,0.005569608745615074,0.26,0.26319332800821227,410
k,"clay,nitrogen,sand,silt,mean_precip",0.8,5,500,0.005625335701082353,0.25,0.24837526511452457,410
k,"clay,nitrogen,sand,silt,mean_precip",0.8,6,500,0.005710515209833379,0.23,0.22544054573695382,410
k,"clay,nitrogen,sand,silt,mean_precip",0.8,2,1000,0.005488046902211323,0.28,0.28461504454250663,410
k,"clay,nitrogen,sand,silt,mean_precip",0.8,3,1000,0.005508991352839567,0.28,0.2791442691696451,410
k,"clay,nitrogen,sand,silt,mean_precip",0.8,4,1000,0.005549499469904616,0.27,0.2685042577925866,410
k,"clay,nitrogen,sand,silt,mean_precip",0.8,5,1000,0.005610224915361702,0.25,0.25240787275188414,410
k,"clay,nitrogen,sand,silt,mean_precip",0.8,6,1000,0.0056963506821778465,0.23,0.22927825973694904,410
k,"clay,nitrogen,sand,silt,mean_precip",0.8,2,2000,0.005500559624559079,0.28,0.28134917671367266,410
k,"clay,nitrogen,sand,silt,mean_precip",0.8,3,2000,0.005506519034478095,0.28,0.2797911334835711,410
k,"clay,nitrogen,sand,silt,mean_precip",0.8,4,2000,0.005541807100312602,0.27,0.2705307597433212,410
k,"clay,nitrogen,sand,silt,mean_precip",0.8,5,2000,0.005612461456314008,0.25,0.25181169213074894,410
k,"clay,nitrogen,sand,silt,mean_precip",0.8,6,2000,0.005698980152372394,0.23,0.22856655580560004,410
k,"clay,nitrogen,sand,silt,mean_precip",0.9,2,100,0.0058787017250371805,0.22,0.22390765440864935,205
k,"clay,nitrogen,sand,silt,mean_precip",0.9,3,100,0.005885252849102914,0.22,0.2221769627029231,205
k,"clay,nitrogen,sand,silt,mean_precip",0.9,4,100,0.005983945206140655,0.2,0.1958709244530683,205
k,"clay,nitrogen,sand,silt,mean_precip",0.9,5,100,0.005999891711804773,0.19,0.19157939624910147,205
k,"clay,nitrogen,sand,silt,mean_precip",0.9,6,100,0.0060718955759137055,0.17,0.172059481024065,205
k,"clay,nitrogen,sand,silt,mean_precip",0.9,2,500,0.005854008421665543,0.23,0.2304138645007121,205
k,"clay,nitrogen,sand,silt,mean_precip",0.9,3,500,0.005864247212604679,0.23,0.22771946373857055,205
k,"clay,nitrogen,sand,silt,mean_precip",0.9,4,500,0.005917430805921757,0.21,0.21364812636278518,205
k,"clay,nitrogen,sand,silt,mean_precip",0.9,5,500,0.005953567229871159,0.2,0.20401465179676825,205
k,"clay,nitrogen,sand,silt,mean_precip",0.9,6,500,0.00601186961082087,0.19,0.1883483893107587,205
k,"clay,nitrogen,sand,silt,mean_precip",0.9,2,1000,0.005859119036572165,0.23,0.22906956333317274,205
k,"clay,nitrogen,sand,silt,mean_precip",0.9,3,1000,0.00588133889837388,0.22,0.22321119141161205,205
k,"clay,nitrogen,sand,silt,mean_precip",0.9,4,1000,0.005923065943337029,0.21,0.212149735958423,205
k,"clay,nitrogen,sand,silt,mean_precip",0.9,5,1000,0.00595527603415739,0.2,0.20355765573929419,205
k,"clay,nitrogen,sand,silt,mean_precip",0.9,6,1000,0.006007929446659652,0.19,0.1894119495011577,205
k,"clay,nitrogen,sand,silt,mean_precip",0.9,2,2000,0.005850269587983663,0.23,0.23139658796265516,205
k,"clay,nitrogen,sand,silt,mean_precip",0.9,3,2000,0.005876862054363093,0.22,0.22439331637820026,205
k,"clay,nitrogen,sand,silt,mean_precip",0.9,4,2000,0.005918205132732746,0.21,0.21344231637630906,205
k,"clay,nitrogen,sand,silt,mean_precip",0.9,5,2000,0.00594770503156494,0.21,0.2055814189042986,205
k,"clay,nitrogen,sand,silt,mean_precip",0.9,6,2000,0.006005572904113156,0.19,0.19004771282738697,205
k,"clay,nitrogen,sand,mean_annual_air_temp_c,mean_precip",0.6,2,100,0.005027903123259862,0.26,0.25828500267210175,818
k,"clay,nitrogen,sand,mean_annual_air_temp_c,mean_precip",0.6,3,100,0.00507240846247411,0.25,0.2450960549993937,818
k,"clay,nitrogen,sand,mean_annual_air_temp_c,mean_precip",0.6,4,100,0.005164039448520171,0.22,0.2175756450489178,818
k,"clay,nitrogen,sand,mean_annual_air_temp_c,mean_precip",0.6,5,100,0.005296079972506876,0.18,0.17705212714976537,818
k,"clay,nitrogen,sand,mean_annual_air_temp_c,mean_precip",0.6,6,100,0.00540147616989059,0.14,0.14397157310801512,818
k,"clay,nitrogen,sand,mean_annual_air_temp_c,mean_precip",0.6,2,500,0.0050005659038026996,0.27,0.26632863544267504,818
k,"clay,nitrogen,sand,mean_annual_air_temp_c,mean_precip",0.6,3,500,0.005069382095529047,0.25,0.24599658768474086,818
k,"clay,nitrogen,sand,mean_annual_air_temp_c,mean_precip",0.6,4,500,0.005152568955215295,0.22,0.22104766570133416,818
k,"clay,nitrogen,sand,mean_annual_air_temp_c,mean_precip",0.6,5,500,0.005247808825747863,0.19,0.19198528622185307,818
k,"clay,nitrogen,sand,mean_annual_air_temp_c,mean_precip",0.6,6,500,0.005383761413009341,0.15,0.14957725141008915,818
k,"clay,nitrogen,sand,mean_annual_air_temp_c,mean_precip",0.6,2,1000,0.004999820957598433,0.27,0.2665472126991745,818
k,"clay,nitrogen,sand,mean_annual_air_temp_c,mean_precip",0.6,3,1000,0.005046456786981653,0.25,0.2528008390820451,818
k,"clay,nitrogen,sand,mean_annual_air_temp_c,mean_precip",0.6,4,1000,0.005140170906111839,0.22,0.22479176714151328,818
k,"clay,nitrogen,sand,mean_annual_air_temp_c,mean_precip",0.6,5,1000,0.00522660613935101,0.2,0.198501328947298,818
k,"clay,nitrogen,sand,mean_annual_air_temp_c,mean_precip",0.6,6,1000,0.005359537565607379,0.16,0.1572128667553443,818
k,"clay,nitrogen,sand,mean_annual_air_temp_c,mean_precip",0.6,2,2000,0.004995907204588215,0.27,0.267695025620753,818
k,"clay,nitrogen,sand,mean_annual_air_temp_c,mean_precip",0.6,3,2000,0.005049897604010415,0.25,0.2517815686563666,818
k,"clay,nitrogen,sand,mean_annual_air_temp_c,mean_precip",0.6,4,2000,0.00514667170961822,0.22,0.2228297066506294,818
k,"clay,nitrogen,sand,mean_annual_air_temp_c,mean_precip",0.6,5,2000,0.0052248314341312605,0.2,0.19904553769144162,818
k,"clay,nitrogen,sand,mean_annual_air_temp_c,mean_precip",0.6,6,2000,0.005344914964041124,0.16,0.1618054005969125,818
k,"clay,nitrogen,sand,mean_annual_air_temp_c,mean_precip",0.7,2,100,0.00503136841595238,0.28,0.28160877352818015,614
k,"clay,nitrogen,sand,mean_annual_air_temp_c,mean_precip",0.7,3,100,0.005039064939702923,0.28,0.27940923509462545,614
k,"clay,nitrogen,sand,mean_annual_air_temp_c,mean_precip",0.7,4,100,0.005078983003860864,0.27,0.2679473780851336,614
k,"clay,nitrogen,sand,mean_annual_air_temp_c,mean_precip",0.7,5,100,0.005204045400958581,0.23,0.2314521093887576,614
k,"clay,nitrogen,sand,mean_annual_air_temp_c,mean_precip",0.7,6,100,0.0052742162674503466,0.21,0.21058631803211592,614
k,"clay,nitrogen,sand,mean_annual_air_temp_c,mean_precip",0.7,2,500,0.0049905407496144685,0.29,0.2932204198819245,614
k,"clay,nitrogen,sand,mean_annual_air_temp_c,mean_precip",0.7,3,500,0.005021258558669731,0.28,0.2844928938432535,614
k,"clay,nitrogen,sand,mean_annual_air_temp_c,mean_precip",0.7,4,500,0.00506915039617431,0.27,0.27077905474010766,614
k,"clay,nitrogen,sand,mean_annual_air_temp_c,mean_precip",0.7,5,500,0.005179461496500736,0.24,0.23869619704065292,614
k,"clay,nitrogen,sand,mean_annual_air_temp_c,mean_precip",0.7,6,500,0.005287635505369431,0.21,0.20656418248381603,614
k,"clay,nitrogen,sand,mean_annual_air_temp_c,mean_precip",0.7,2,1000,0.0049911376890039265,0.29,0.2930513280639877,614
k,"clay,nitrogen,sand,mean_annual_air_temp_c,mean_precip",0.7,3,1000,0.005024016818505246,0.28,0.2837065983188014,614
k,"clay,nitrogen,sand,mean_annual_air_temp_c,mean_precip",0.7,4,1000,0.0050664384079364974,0.27,0.27155911035293023,614
k,"clay,nitrogen,sand,mean_annual_air_temp_c,mean_precip",0.7,5,1000,0.005176100155259516,0.24,0.23968401073809653,614
k,"clay,nitrogen,sand,mean_annual_air_temp_c,mean_precip",0.7,6,1000,0.005289703541289243,0.21,0.20594342311247016,614
k,"clay,nitrogen,sand,mean_annual_air_temp_c,mean_precip",0.7,2,2000,0.004989827856496961,0.29,0.29342233079128033,614
k,"clay,nitrogen,sand,mean_annual_air_temp_c,mean_precip",0.7,3,2000,0.005024068260859441,0.28,0.2836919295751025,614
k,"clay,nitrogen,sand,mean_annual_air_temp_c,mean_precip",0.7,4,2000,0.0050728039273342474,0.27,0.26972752091506935,614
k,"clay,nitrogen,sand,mean_annual_air_temp_c,mean_precip",0.7,5,2000,0.005171766665672192,0.24,0.2409565681047915,614
k,"clay,nitrogen,sand,mean_annual_air_temp_c,mean_precip",0.7,6,2000,0.005287944974356712,0.21,0.2064713050666307,614
k,"clay,nitrogen,sand,mean_annual_air_temp_c,mean_precip",0.8,2,100,0.005241618813521156,0.26,0.2590778396401233,409
k,"clay,nitrogen,sand,mean_annual_air_temp_c,mean_precip",0.8,3,100,0.0052415111665181134,0.26,0.2591082719298008,409
k,"clay,nitrogen,sand,mean_annual_air_temp_c,mean_precip",0.8,4,100,0.005378735415749914,0.22,0.21980694813685475,409
k,"clay,nitrogen,sand,mean_annual_air_temp_c,mean_precip",0.8,5,100,0.005350002080178834,0.23,0.2281203041566463,409
k,"clay,nitrogen,sand,mean_annual_air_temp_c,mean_precip",0.8,6,100,0.005472820195194828,0.19,0.19227397653515632,409
k,"clay,nitrogen,sand,mean_annual_air_temp_c,mean_precip",0.8,2,500,0.005242770065271627,0.26,0.25875233653196306,409
k,"clay,nitrogen,sand,mean_annual_air_temp_c,mean_precip",0.8,3,500,0.005272159449674776,0.25,0.2504186229473597,409
k,"clay,nitrogen,sand,mean_annual_air_temp_c,mean_precip",0.8,4,500,0.0053278789445167386,0.23,0.23449080350055218,409
k,"clay,nitrogen,sand,mean_annual_air_temp_c,mean_precip",0.8,5,500,0.0053326857800392235,0.23,0.2331088889536741,409
k,"clay,nitrogen,sand,mean_annual_air_temp_c,mean_precip",0.8,6,500,0.00546416171458652,0.19,0.19482774134185332,409
k,"clay,nitrogen,sand,mean_annual_air_temp_c,mean_precip",0.8,2,1000,0.0052591138913472175,0.25,0.2541235978571824,409
k,"clay,nitrogen,sand,mean_annual_air_temp_c,mean_precip",0.8,3,1000,0.005277456288897117,0.25,0.24891168577093536,409
k,"clay,nitrogen,sand,mean_annual_air_temp_c,mean_precip",0.8,4,1000,0.005315168122954069,0.24,0.23813902602242765,409
k,"clay,nitrogen,sand,mean_annual_air_temp_c,mean_precip",0.8,5,1000,0.005350040366729881,0.23,0.22810925641622337,409
k,"clay,nitrogen,sand,mean_annual_air_temp_c,mean_precip",0.8,6,1000,0.005463717324772083,0.19,0.19495870225380596,409
k,"clay,nitrogen,sand,mean_annual_air_temp_c,mean_precip",0.8,2,2000,0.005253873255405927,0.26,0.255609368728522,409
k,"clay,nitrogen,sand,mean_annual_air_temp_c,mean_precip",0.8,3,2000,0.005274416904793143,0.25,0.24977656778664903,409
k,"clay,nitrogen,sand,mean_annual_air_temp_c,mean_precip",0.8,4,2000,0.005311374459096281,0.24,0.2392261837299483,409
k,"clay,nitrogen,sand,mean_annual_air_temp_c,mean_precip",0.8,5,2000,0.0053546310482437,0.23,0.226784023482417,409
k,"clay,nitrogen,sand,mean_annual_air_temp_c,mean_precip",0.8,6,2000,0.005455717704948078,0.2,0.1973143547920052,409
k,"clay,nitrogen,sand,mean_annual_air_temp_c,mean_precip",0.9,2,100,0.00543512245742532,0.18,0.17604109952828628,205
k,"clay,nitrogen,sand,mean_annual_air_temp_c,mean_precip",0.9,3,100,0.005505778449034473,0.15,0.15447910344914673,205
k,"clay,nitrogen,sand,mean_annual_air_temp_c,mean_precip",0.9,4,100,0.005617476149762094,0.12,0.11982433562531714,205
k,"clay,nitrogen,sand,mean_annual_air_temp_c,mean_precip",0.9,5,100,0.005669165300196075,0.1,0.10355195833422759,205
k,"clay,nitrogen,sand,mean_annual_air_temp_c,mean_precip",0.9,6,100,0.005782859556319533,0.07,0.06723514875720904,205
k,"clay,nitrogen,sand,mean_annual_air_temp_c,mean_precip",0.9,2,500,0.005405086541888591,0.19,0.18512276315668497,205
k,"clay,nitrogen,sand,mean_annual_air_temp_c,mean_precip",0.9,3,500,0.005462673823953861,0.17,0.16766641007054006,205
k,"clay,nitrogen,sand,mean_annual_air_temp_c,mean_precip",0.9,4,500,0.0055632813363597515,0.14,0.13672546924452866,205
k,"clay,nitrogen,sand,mean_annual_air_temp_c,mean_precip",0.9,5,500,0.005632933459866326,0.11,0.11497380627431908,205
k,"clay,nitrogen,sand,mean_annual_air_temp_c,mean_precip",0.9,6,500,0.0057360203182004015,0.08,0.08228412490548442,205
k,"clay,nitrogen,sand,mean_annual_air_temp_c,mean_precip",0.9,2,1000,0.005402848026039456,0.19,0.1857975859803438,205
k,"clay,nitrogen,sand,mean_annual_air_temp_c,mean_precip",0.9,3,1000,0.005472672660939683,0.16,0.16461662721631987,205
k,"clay,nitrogen,sand,mean_annual_air_temp_c,mean_precip",0.9,4,1000,0.005558505711042996,0.14,0.13820693529452943,205
k,"clay,nitrogen,sand,mean_annual_air_temp_c,mean_precip",0.9,5,1000,0.00564078502179828,0.11,0.11250486858843889,205
k,"clay,nitrogen,sand,mean_annual_air_temp_c,mean_precip",0.9,6,1000,0.005745465092644144,0.08,0.07925946498615122,205
k,"clay,nitrogen,sand,mean_annual_air_temp_c,mean_precip",0.9,2,2000,0.00540189123155811,0.19,0.1860859359001149,205
k,"clay,nitrogen,sand,mean_annual_air_temp_c,mean_precip",0.9,3,2000,0.005481543722473076,0.16,0.1619061623043243,205
k,"clay,nitrogen,sand,mean_annual_air_temp_c,mean_precip",0.9,4,2000,0.005553054098031223,0.14,0.13989654707939325,205
k,"clay,nitrogen,sand,mean_annual_air_temp_c,mean_precip",0.9,5,2000,0.005628739565077776,0.12,0.11629117493392371,205
k,"clay,nitrogen,sand,mean_annual_air_temp_c,mean_precip",0.9,6,2000,0.005754922867263565,0.08,0.07622565529608916,205
k,"clay,nitrogen,silt,mean_annual_air_temp_c,mean_precip",0.6,2,100,0.005052056418600388,0.25,0.2511417100877521,818
k,"clay,nitrogen,silt,mean_annual_air_temp_c,mean_precip",0.6,3,100,0.005084792446280991,0.24,0.2414054490594869,818
k,"clay,nitrogen,silt,mean_annual_air_temp_c,mean_precip",0.6,4,100,0.005154637318353004,0.22,0.22042216037129847,818
k,"clay,nitrogen,silt,mean_annual_air_temp_c,mean_precip",0.6,5,100,0.005211694798902481,0.2,0.20306810544650555,818
k,"clay,nitrogen,silt,mean_annual_air_temp_c,mean_precip",0.6,6,100,0.005283960075826689,0.18,0.18081439305836788,818
k,"clay,nitrogen,silt,mean_annual_air_temp_c,mean_precip",0.6,2,500,0.005003828339007647,0.27,0.26537100939466884,818
k,"clay,nitrogen,silt,mean_annual_air_temp_c,mean_precip",0.6,3,500,0.005059394099797223,0.25,0.24896482473170278,818
k,"clay,nitrogen,silt,mean_annual_air_temp_c,mean_precip",0.6,4,500,0.00512322591153336,0.23,0.2298944175234997,818
k,"clay,nitrogen,silt,mean_annual_air_temp_c,mean_precip",0.6,5,500,0.005174574398377941,0.21,0.21438000360060783,818
k,"clay,nitrogen,silt,mean_annual_air_temp_c,mean_precip",0.6,6,500,0.005245629918851626,0.19,0.19265612747751693,818
k,"clay,nitrogen,silt,mean_annual_air_temp_c,mean_precip",0.6,2,1000,0.005008691321819642,0.26,0.2639424135764149,818
k,"clay,nitrogen,silt,mean_annual_air_temp_c,mean_precip",0.6,3,1000,0.005051418336410052,0.25,0.25133086195890053,818
k,"clay,nitrogen,silt,mean_annual_air_temp_c,mean_precip",0.6,4,1000,0.005121340111956919,0.23,0.23046124691009173,818
k,"clay,nitrogen,silt,mean_annual_air_temp_c,mean_precip",0.6,5,1000,0.005176117881829711,0.21,0.21391126077552514,818
k,"clay,nitrogen,silt,mean_annual_air_temp_c,mean_precip",0.6,6,1000,0.005242722340474591,0.19,0.19355087798537718,818
k,"clay,nitrogen,silt,mean_annual_air_temp_c,mean_precip",0.6,2,2000,0.005002285944007975,0.27,0.26582382806539084,818
k,"clay,nitrogen,silt,mean_annual_air_temp_c,mean_precip",0.6,3,2000,0.005045103750039463,0.25,0.2532014578050077,818
k,"clay,nitrogen,silt,mean_annual_air_temp_c,mean_precip",0.6,4,2000,0.005114388077042407,0.23,0.2325490712065721,818
k,"clay,nitrogen,silt,mean_annual_air_temp_c,mean_precip",0.6,5,2000,0.0051690501137447884,0.22,0.2160565363903496,818
k,"clay,nitrogen,silt,mean_annual_air_temp_c,mean_precip",0.6,6,2000,0.005242966571779549,0.19,0.19347573965214604,818
k,"clay,nitrogen,silt,mean_annual_air_temp_c,mean_precip",0.7,2,100,0.005070509147656307,0.27,0.2703880768620519,614
k,"clay,nitrogen,silt,mean_annual_air_temp_c,mean_precip",0.7,3,100,0.0050771708844400566,0.27,0.2684696598571984,614
k,"clay,nitrogen,silt,mean_annual_air_temp_c,mean_precip",0.7,4,100,0.005122988821843769,0.26,0.255206979965241,614
k,"clay,nitrogen,silt,mean_annual_air_temp_c,mean_precip",0.7,5,100,0.005175391613171762,0.24,0.23989215161271615,614
k,"clay,nitrogen,silt,mean_annual_air_temp_c,mean_precip",0.7,6,100,0.00526693242643169,0.21,0.21276521743069599,614
k,"clay,nitrogen,silt,mean_annual_air_temp_c,mean_precip",0.7,2,500,0.00502482841353618,0.28,0.28347515517590116,614
k,"clay,nitrogen,silt,mean_annual_air_temp_c,mean_precip",0.7,3,500,0.005050926306976998,0.28,0.2760128703475271,614
k,"clay,nitrogen,silt,mean_annual_air_temp_c,mean_precip",0.7,4,500,0.005078879719686451,0.27,0.26797715124320176,614
k,"clay,nitrogen,silt,mean_annual_air_temp_c,mean_precip",0.7,5,500,0.005165686396144573,0.24,0.24274028186737517,614
k,"clay,nitrogen,silt,mean_annual_air_temp_c,mean_precip",0.7,6,500,0.005215678156004548,0.23,0.22801235398581543,614
k,"clay,nitrogen,silt,mean_annual_air_temp_c,mean_precip",0.7,2,1000,0.005029113818775015,0.28,0.28225246319708885,614
k,"clay,nitrogen,silt,mean_annual_air_temp_c,mean_precip",0.7,3,1000,0.005043176657731397,0.28,0.2782327966572202,614
k,"clay,nitrogen,silt,mean_annual_air_temp_c,mean_precip",0.7,4,1000,0.005084502259169465,0.27,0.266355492217459,614
k,"clay,nitrogen,silt,mean_annual_air_temp_c,mean_precip",0.7,5,1000,0.005156508792206744,0.25,0.2454286587991814,614
k,"clay,nitrogen,silt,mean_annual_air_temp_c,mean_precip",0.7,6,1000,0.005221712175727262,0.23,0.22622509523544154,614
k,"clay,nitrogen,silt,mean_annual_air_temp_c,mean_precip",0.7,2,2000,0.005030361426255305,0.28,0.28189630571067814,614
k,"clay,nitrogen,silt,mean_annual_air_temp_c,mean_precip",0.7,3,2000,0.005046599781908887,0.28,0.277252645676172,614
k,"clay,nitrogen,silt,mean_annual_air_temp_c,mean_precip",0.7,4,2000,0.00508503285726487,0.27,0.26620236387960694,614
k,"clay,nitrogen,silt,mean_annual_air_temp_c,mean_precip",0.7,5,2000,0.0051512861903386395,0.25,0.2469563707401342,614
k,"clay,nitrogen,silt,mean_annual_air_temp_c,mean_precip",0.7,6,2000,0.005222486478305701,0.23,0.22599559950483938,614
k,"clay,nitrogen,silt,mean_annual_air_temp_c,mean_precip",0.8,2,100,0.005261668576742029,0.25,0.2533987828421659,409
k,"clay,nitrogen,silt,mean_annual_air_temp_c,mean_precip",0.8,3,100,0.00528331611444908,0.25,0.24724281739296072,409
k,"clay,nitrogen,silt,mean_annual_air_temp_c,mean_precip",0.8,4,100,0.005328069834593388,0.23,0.23443594837771797,409
k,"clay,nitrogen,silt,mean_annual_air_temp_c,mean_precip",0.8,5,100,0.005368461915820849,0.22,0.22278447275331392,409
k,"clay,nitrogen,silt,mean_annual_air_temp_c,mean_precip",0.8,6,100,0.005413944008069688,0.21,0.2095594073759952,409
k,"clay,nitrogen,silt,mean_annual_air_temp_c,mean_precip",0.8,2,500,0.005242171100577218,0.26,0.25892169578792945,409
k,"clay,nitrogen,silt,mean_annual_air_temp_c,mean_precip",0.8,3,500,0.005264767053994835,0.25,0.2525192109012916,409
k,"clay,nitrogen,silt,mean_annual_air_temp_c,mean_precip",0.8,4,500,0.005286029469620036,0.25,0.24646943112082598,409
k,"clay,nitrogen,silt,mean_annual_air_temp_c,mean_precip",0.8,5,500,0.005326570745452551,0.23,0.23486668121065146,409
k,"clay,nitrogen,silt,mean_annual_air_temp_c,mean_precip",0.8,6,500,0.005390791500202664,0.22,0.216305524793024,409
k,"clay,nitrogen,silt,mean_annual_air_temp_c,mean_precip",0.8,2,1000,0.005259091299686838,0.25,0.2541300059900038,409
k,"clay,nitrogen,silt,mean_annual_air_temp_c,mean_precip",0.8,3,1000,0.005268095221610607,0.25,0.2515738594152036,409
k,"clay,nitrogen,silt,mean_annual_air_temp_c,mean_precip",0.8,4,1000,0.005294086178956385,0.24,0.24417069126386104,409
k,"clay,nitrogen,silt,mean_annual_air_temp_c,mean_precip",0.8,5,1000,0.005332983897343419,0.23,0.2330231423297301,409
k,"clay,nitrogen,silt,mean_annual_air_temp_c,mean_precip",0.8,6,1000,0.005387858813093423,0.22,0.21715798051067225,409
k,"clay,nitrogen,silt,mean_annual_air_temp_c,mean_precip",0.8,2,2000,0.005251119857511715,0.26,0.2563893900305292,409
k,"clay,nitrogen,silt,mean_annual_air_temp_c,mean_precip",0.8,3,2000,0.005270550664000873,0.25,0.25087601874553767,409
k,"clay,nitrogen,silt,mean_annual_air_temp_c,mean_precip",0.8,4,2000,0.005290878601175668,0.25,0.24508629662933568,409
k,"clay,nitrogen,silt,mean_annual_air_temp_c,mean_precip",0.8,5,2000,0.005332056079712192,0.23,0.2332899920943733,409
k,"clay,nitrogen,silt,mean_annual_air_temp_c,mean_precip",0.8,6,2000,0.005386453206934964,0.22,0.2175663891448686,409
k,"clay,nitrogen,silt,mean_annual_air_temp_c,mean_precip",0.9,2,100,0.005432050345312182,0.18,0.17697229427241434,205
k,"clay,nitrogen,silt,mean_annual_air_temp_c,mean_precip",0.9,3,100,0.005446043348365075,0.17,0.1727265815385226,205
k,"clay,nitrogen,silt,mean_annual_air_temp_c,mean_precip",0.9,4,100,0.005585726108998138,0.13,0.12974574446243792,205
k,"clay,nitrogen,silt,mean_annual_air_temp_c,mean_precip",0.9,5,100,0.005650543233024971,0.11,0.10943158858542745,205
k,"clay,nitrogen,silt,mean_annual_air_temp_c,mean_precip",0.9,6,100,0.0057752700811532194,0.07,0.0696818795507339,205
k,"clay,nitrogen,silt,mean_annual_air_temp_c,mean_precip",0.9,2,500,0.0054158832481117246,0.18,0.1818640633760873,205
k,"clay,nitrogen,silt,mean_annual_air_temp_c,mean_precip",0.9,3,500,0.005465979732402147,0.17,0.16665867966245784,205
k,"clay,nitrogen,silt,mean_annual_air_temp_c,mean_precip",0.9,4,500,0.005556660442058799,0.14,0.13877902287995947,205
k,"clay,nitrogen,silt,mean_annual_air_temp_c,mean_precip",0.9,5,500,0.005655447287334338,0.11,0.10788508557257703,205
k,"clay,nitrogen,silt,mean_annual_air_temp_c,mean_precip",0.9,6,500,0.0057329587755466345,0.08,0.08326350654468884,205
k,"clay,nitrogen,silt,mean_annual_air_temp_c,mean_precip",0.9,2,1000,0.005423035542772473,0.18,0.17970175195102844,205
k,"clay,nitrogen,silt,mean_annual_air_temp_c,mean_precip",0.9,3,1000,0.005474524680756064,0.16,0.164051123506062,205
k,"clay,nitrogen,silt,mean_annual_air_temp_c,mean_precip",0.9,4,1000,0.005555046662367671,0.14,0.1392791862853886,205
k,"clay,nitrogen,silt,mean_annual_air_temp_c,mean_precip",0.9,5,1000,0.005646954608130895,0.11,0.11056241830785851,205
k,"clay,nitrogen,silt,mean_annual_air_temp_c,mean_precip",0.9,6,1000,0.005740575546232701,0.08,0.08082594841013602,205
k,"clay,nitrogen,silt,mean_annual_air_temp_c,mean_precip",0.9,2,2000,0.005418504313640835,0.18,0.1810719832291272,205
k,"clay,nitrogen,silt,mean_annual_air_temp_c,mean_precip",0.9,3,2000,0.005475583101713548,0.16,0.16372785476870078,205
k,"clay,nitrogen,silt,mean_annual_air_temp_c,mean_precip",0.9,4,2000,0.005543723072083042,0.14,0.14278465318544142,205
k,"clay,nitrogen,silt,mean_annual_air_temp_c,mean_precip",0.9,5,2000,0.005637788117457816,0.11,0.11344765632182618,205
k,"clay,nitrogen,silt,mean_annual_air_temp_c,mean_precip",0.9,6,2000,0.005738819079110617,0.08,0.08138834916270665,205
k,"clay,sand,silt,mean_annual_air_temp_c,mean_precip",0.6,2,100,0.005128938341694424,0.23,0.22817611464693888,818
k,"clay,sand,silt,mean_annual_air_temp_c,mean_precip",0.6,3,100,0.005221370323913281,0.2,0.2001063464507048,818
k,"clay,sand,silt,mean_annual_air_temp_c,mean_precip",0.6,4,100,0.00525073909917835,0.19,0.1910826751833805,818
k,"clay,sand,silt,mean_annual_air_temp_c,mean_precip",0.6,5,100,0.00534172020679873,0.16,0.16280711081702548,818
k,"clay,sand,silt,mean_annual_air_temp_c,mean_precip",0.6,6,100,0.0054134979522081775,0.14,0.14015689758699634,818
k,"clay,sand,silt,mean_annual_air_temp_c,mean_precip",0.6,2,500,0.005107454289598983,0.23,0.23462859053594265,818
k,"clay,sand,silt,mean_annual_air_temp_c,mean_precip",0.6,3,500,0.005168975321657926,0.22,0.21607922231606114,818
k,"clay,sand,silt,mean_annual_air_temp_c,mean_precip",0.6,4,500,0.005212184848447098,0.2,0.20291822925923342,818
k,"clay,sand,silt,mean_annual_air_temp_c,mean_precip",0.6,5,500,0.005306743346042872,0.17,0.17373486796406035,818
k,"clay,sand,silt,mean_annual_air_temp_c,mean_precip",0.6,6,500,0.005384093483844014,0.15,0.14947233988837416,818
k,"clay,sand,silt,mean_annual_air_temp_c,mean_precip",0.6,2,1000,0.005108976239730641,0.23,0.23417238256738215,818
k,"clay,sand,silt,mean_annual_air_temp_c,mean_precip",0.6,3,1000,0.00516218767041667,0.22,0.21813668511283768,818
k,"clay,sand,silt,mean_annual_air_temp_c,mean_precip",0.6,4,1000,0.005221295473964667,0.2,0.20012927972913896,818
k,"clay,sand,silt,mean_annual_air_temp_c,mean_precip",0.6,5,1000,0.005302850681897156,0.17,0.17494660661020256,818
k,"clay,sand,silt,mean_annual_air_temp_c,mean_precip",0.6,6,1000,0.005381663193556693,0.15,0.15023999468722915,818
k,"clay,sand,silt,mean_annual_air_temp_c,mean_precip",0.6,2,2000,0.005101929865134201,0.24,0.23628340703965545,818
k,"clay,sand,silt,mean_annual_air_temp_c,mean_precip",0.6,3,2000,0.005157851797449131,0.22,0.21944955342457584,818
k,"clay,sand,silt,mean_annual_air_temp_c,mean_precip",0.6,4,2000,0.005222742948946083,0.2,0.19968572952346908,818
k,"clay,sand,silt,mean_annual_air_temp_c,mean_precip",0.6,5,2000,0.005305229606348282,0.17,0.17420618223718343,818
k,"clay,sand,silt,mean_annual_air_temp_c,mean_precip",0.6,6,2000,0.005373065935655615,0.15,0.15295282537537958,818
k,"clay,sand,silt,mean_annual_air_temp_c,mean_precip",0.7,2,100,0.005074475831994422,0.27,0.2692460723200307,614
k,"clay,sand,silt,mean_annual_air_temp_c,mean_precip",0.7,3,100,0.00514144484827476,0.25,0.24983094632701952,614
k,"clay,sand,silt,mean_annual_air_temp_c,mean_precip",0.7,4,100,0.005243955498237367,0.22,0.21961883952171202,614
k,"clay,sand,silt,mean_annual_air_temp_c,mean_precip",0.7,5,100,0.005283728890916346,0.21,0.20773616296060948,614
k,"clay,sand,silt,mean_annual_air_temp_c,mean_precip",0.7,6,100,0.005398626767780232,0.17,0.17290501257531565,614
k,"clay,sand,silt,mean_annual_air_temp_c,mean_precip",0.7,2,500,0.00507036187628142,0.27,0.27043045895327256,614
k,"clay,sand,silt,mean_annual_air_temp_c,mean_precip",0.7,3,500,0.005135108199685646,0.25,0.25167892039658524,614
k,"clay,sand,silt,mean_annual_air_temp_c,mean_precip",0.7,4,500,0.005214631430835788,0.23,0.2283221805475536,614
k,"clay,sand,silt,mean_annual_air_temp_c,mean_precip",0.7,5,500,0.005274479860720147,0.21,0.2105074098786054,614
k,"clay,sand,silt,mean_annual_air_temp_c,mean_precip",0.7,6,500,0.005356604690897724,0.19,0.18573085959251268,614
k,"clay,sand,silt,mean_annual_air_temp_c,mean_precip",0.7,2,1000,0.005086992494393486,0.27,0.2656366825114955,614
k,"clay,sand,silt,mean_annual_air_temp_c,mean_precip",0.7,3,1000,0.005136675815873641,0.25,0.25122196438001776,614
k,"clay,sand,silt,mean_annual_air_temp_c,mean_precip",0.7,4,1000,0.005209569016862996,0.23,0.22981975765083018,614
k,"clay,sand,silt,mean_annual_air_temp_c,mean_precip",0.7,5,1000,0.005280471607483875,0.21,0.20871268256573183,614
k,"clay,sand,silt,mean_annual_air_temp_c,mean_precip",0.7,6,1000,0.005346047244442915,0.19,0.18893741737725145,614
k,"clay,sand,silt,mean_annual_air_temp_c,mean_precip",0.7,2,2000,0.0050863185929606565,0.27,0.2658312397915146,614
k,"clay,sand,silt,mean_annual_air_temp_c,mean_precip",0.7,3,2000,0.0051330572990179926,0.25,0.2522765419715497,614
k,"clay,sand,silt,mean_annual_air_temp_c,mean_precip",0.7,4,2000,0.005195903729701457,0.23,0.2338549975569959,614
k,"clay,sand,silt,mean_annual_air_temp_c,mean_precip",0.7,5,2000,0.005271858321973907,0.21,0.21129200708200746,614
k,"clay,sand,silt,mean_annual_air_temp_c,mean_precip",0.7,6,2000,0.005343625717245,0.19,0.1896720032152044,614
k,"clay,sand,silt,mean_annual_air_temp_c,mean_precip",0.8,2,100,0.00532447506023103,0.24,0.23546863065583945,409
k,"clay,sand,silt,mean_annual_air_temp_c,mean_precip",0.8,3,100,0.005333475993109301,0.23,0.2328815917513818,409
k,"clay,sand,silt,mean_annual_air_temp_c,mean_precip",0.8,4,100,0.0054331957241896605,0.2,0.20392787741364848,409
k,"clay,sand,silt,mean_annual_air_temp_c,mean_precip",0.8,5,100,0.005446865343054009,0.2,0.1999170917491756,409
k,"clay,sand,silt,mean_annual_air_temp_c,mean_precip",0.8,6,100,0.005562375184253554,0.17,0.16562309816538678,409
k,"clay,sand,silt,mean_annual_air_temp_c,mean_precip",0.8,2,500,0.005313043893487139,0.24,0.23874786626961297,409
k,"clay,sand,silt,mean_annual_air_temp_c,mean_precip",0.8,3,500,0.005331759677256631,0.23,0.23337523066247656,409
k,"clay,sand,silt,mean_annual_air_temp_c,mean_precip",0.8,4,500,0.005397001558684519,0.21,0.21449889148777945,409
k,"clay,sand,silt,mean_annual_air_temp_c,mean_precip",0.8,5,500,0.005435868744516051,0.2,0.2031443825724386,409
k,"clay,sand,silt,mean_annual_air_temp_c,mean_precip",0.8,6,500,0.005533768865808314,0.17,0.1741831376961317,409
k,"clay,sand,silt,mean_annual_air_temp_c,mean_precip",0.8,2,1000,0.005311722667863639,0.24,0.2391264292131442,409
k,"clay,sand,silt,mean_annual_air_temp_c,mean_precip",0.8,3,1000,0.005333741884280058,0.23,0.23280510313636704,409
k,"clay,sand,silt,mean_annual_air_temp_c,mean_precip",0.8,4,1000,0.005386654608939291,0.22,0.21750787693377582,409
k,"clay,sand,silt,mean_annual_air_temp_c,mean_precip",0.8,5,1000,0.005448282854255132,0.2,0.19950060483887133,409
k,"clay,sand,silt,mean_annual_air_temp_c,mean_precip",0.8,6,1000,0.005535348922502952,0.17,0.17371147949046517,409
k,"clay,sand,silt,mean_annual_air_temp_c,mean_precip",0.8,2,2000,0.005305830621062504,0.24,0.2408134962986771,409
k,"clay,sand,silt,mean_annual_air_temp_c,mean_precip",0.8,3,2000,0.00533427314485809,0.23,0.2326522645808169,409
k,"clay,sand,silt,mean_annual_air_temp_c,mean_precip",0.8,4,2000,0.005387648042223109,0.22,0.21721922824270012,409
k,"clay,sand,silt,mean_annual_air_temp_c,mean_precip",0.8,5,2000,0.0054547338591146065,0.2,0.19760383007798832,409
k,"clay,sand,silt,mean_annual_air_temp_c,mean_precip",0.8,6,2000,0.005545264510642285,0.17,0.1707485317022306,409
k,"clay,sand,silt,mean_annual_air_temp_c,mean_precip",0.9,2,100,0.0054725323931245325,0.16,0.1646594494006931,205
k,"clay,sand,silt,mean_annual_air_temp_c,mean_precip",0.9,3,100,0.005520661209434892,0.15,0.14990184244363236,205
k,"clay,sand,silt,mean_annual_air_temp_c,mean_precip",0.9,4,100,0.0056578679175006644,0.11,0.10712124062395267,205
k,"clay,sand,silt,mean_annual_air_temp_c,mean_precip",0.9,5,100,0.005779221142221392,0.07,0.06840851882250631,205
k,"clay,sand,silt,mean_annual_air_temp_c,mean_precip",0.9,6,100,0.005883354648740631,0.03,0.03453409989230438,205
k,"clay,sand,silt,mean_annual_air_temp_c,mean_precip",0.9,2,500,0.005479350747574489,0.16,0.16257661252714217,205
k,"clay,sand,silt,mean_annual_air_temp_c,mean_precip",0.9,3,500,0.005514343277565423,0.15,0.15184646059293894,205
k,"clay,sand,silt,mean_annual_air_temp_c,mean_precip",0.9,4,500,0.005629175612114322,0.12,0.11615425137027857,205
k,"clay,sand,silt,mean_annual_air_temp_c,mean_precip",0.9,5,500,0.005712922285926806,0.09,0.089660232521236,205
k,"clay,sand,silt,mean_annual_air_temp_c,mean_precip",0.9,6,500,0.005814476461207453,0.06,0.05700776680172781,205
k,"clay,sand,silt,mean_annual_air_temp_c,mean_precip",0.9,2,1000,0.005473814864855782,0.16,0.16426788436527362,205
k,"clay,sand,silt,mean_annual_air_temp_c,mean_precip",0.9,3,1000,0.005532403417589618,0.15,0.14628175245371988,205
k,"clay,sand,silt,mean_annual_air_temp_c,mean_precip",0.9,4,1000,0.005614884589150044,0.12,0.12063626694785468,205
k,"clay,sand,silt,mean_annual_air_temp_c,mean_precip",0.9,5,1000,0.005723493893197605,0.09,0.08628799734259407,205
k,"clay,sand,silt,mean_annual_air_temp_c,mean_precip",0.9,6,1000,0.005822491277018778,0.05,0.054406288194354335,205
k,"clay,sand,silt,mean_annual_air_temp_c,mean_precip",0.9,2,2000,0.005481718246093545,0.16,0.1618527943092083,205
k,"clay,sand,silt,mean_annual_air_temp_c,mean_precip",0.9,3,2000,0.005531634157362589,0.15,0.14651914867569316,205
k,"clay,sand,silt,mean_annual_air_temp_c,mean_precip",0.9,4,2000,0.005619863993804433,0.12,0.11907589669855922,205
k,"clay,sand,silt,mean_annual_air_temp_c,mean_precip",0.9,5,2000,0.005722401941652047,0.09,0.0866366075015923,205
k,"clay,sand,silt,mean_annual_air_temp_c,mean_precip",0.9,6,2000,0.005830781682096642,0.05,0.05171158738547332,205
k,"nitrogen,sand,silt,mean_annual_air_temp_c,mean_precip",0.6,2,100,0.005084974029093877,0.24,0.24135126781476257,818
k,"nitrogen,sand,silt,mean_annual_air_temp_c,mean_precip",0.6,3,100,0.00515284817558374,0.22,0.22096323975657683,818
k,"nitrogen,sand,silt,mean_annual_air_temp_c,mean_precip",0.6,4,100,0.005218951152227964,0.2,0.2008473901522927,818
k,"nitrogen,sand,silt,mean_annual_air_temp_c,mean_precip",0.6,5,100,0.005290550215559677,0.18,0.17876974697248948,818
k,"nitrogen,sand,silt,mean_annual_air_temp_c,mean_precip",0.6,6,100,0.005398404025360262,0.14,0.1449450459483248,818
k,"nitrogen,sand,silt,mean_annual_air_temp_c,mean_precip",0.6,2,500,0.005066390205476899,0.25,0.24688633304801133,818
k,"nitrogen,sand,silt,mean_annual_air_temp_c,mean_precip",0.6,3,500,0.005114397383651203,0.23,0.23254627815608186,818
k,"nitrogen,sand,silt,mean_annual_air_temp_c,mean_precip",0.6,4,500,0.0051675949559934105,0.22,0.2164978557092596,818
k,"nitrogen,sand,silt,mean_annual_air_temp_c,mean_precip",0.6,5,500,0.0052472265140342715,0.19,0.1921645954700718,818
k,"nitrogen,sand,silt,mean_annual_air_temp_c,mean_precip",0.6,6,500,0.005334423002883916,0.17,0.16509288925319665,818
k,"nitrogen,sand,silt,mean_annual_air_temp_c,mean_precip",0.6,2,1000,0.005057890302828117,0.25,0.24941121675110267,818
k,"nitrogen,sand,silt,mean_annual_air_temp_c,mean_precip",0.6,3,1000,0.0051037181899778695,0.24,0.23574791840779352,818
k,"nitrogen,sand,silt,mean_annual_air_temp_c,mean_precip",0.6,4,1000,0.00516915015526285,0.22,0.2160261912973891,818
k,"nitrogen,sand,silt,mean_annual_air_temp_c,mean_precip",0.6,5,1000,0.0052518150648845794,0.19,0.19075111939256162,818
k,"nitrogen,sand,silt,mean_annual_air_temp_c,mean_precip",0.6,6,1000,0.00532611908228821,0.17,0.16769021089809688,818
k,"nitrogen,sand,silt,mean_annual_air_temp_c,mean_precip",0.6,2,2000,0.005050311029340694,0.25,0.25165905325562776,818
k,"nitrogen,sand,silt,mean_annual_air_temp_c,mean_precip",0.6,3,2000,0.005105665948637628,0.24,0.23516447606173962,818
k,"nitrogen,sand,silt,mean_annual_air_temp_c,mean_precip",0.6,4,2000,0.005168233044250764,0.22,0.21630435200459808,818
k,"nitrogen,sand,silt,mean_annual_air_temp_c,mean_precip",0.6,5,2000,0.005242297689300573,0.19,0.1936815145802233,818
k,"nitrogen,sand,silt,mean_annual_air_temp_c,mean_precip",0.6,6,2000,0.0053189751104376895,0.17,0.1699214828250356,818
k,"nitrogen,sand,silt,mean_annual_air_temp_c,mean_precip",0.7,2,100,0.005128489478269221,0.25,0.253606722736757,614
k,"nitrogen,sand,silt,mean_annual_air_temp_c,mean_precip",0.7,3,100,0.005139167161026852,0.25,0.2504954568166341,614
k,"nitrogen,sand,silt,mean_annual_air_temp_c,mean_precip",0.7,4,100,0.0052530188928581086,0.22,0.21691896358164442,614
k,"nitrogen,sand,silt,mean_annual_air_temp_c,mean_precip",0.7,5,100,0.00528064115753207,0.21,0.20866186704519185,614
k,"nitrogen,sand,silt,mean_annual_air_temp_c,mean_precip",0.7,6,100,0.005425005810006276,0.16,0.16480247888289135,614
k,"nitrogen,sand,silt,mean_annual_air_temp_c,mean_precip",0.7,2,500,0.005099162907177456,0.26,0.26211861323315677,614
k,"nitrogen,sand,silt,mean_annual_air_temp_c,mean_precip",0.7,3,500,0.005139758280302484,0.25,0.25032302729686784,614
k,"nitrogen,sand,silt,mean_annual_air_temp_c,mean_precip",0.7,4,500,0.005205482641197032,0.23,0.23102753950144317,614
k,"nitrogen,sand,silt,mean_annual_air_temp_c,mean_precip",0.7,5,500,0.0052752005073222795,0.21,0.21029166006641853,614
k,"nitrogen,sand,silt,mean_annual_air_temp_c,mean_precip",0.7,6,500,0.005366908650870738,0.18,0.18259519183205908,614
k,"nitrogen,sand,silt,mean_annual_air_temp_c,mean_precip",0.7,2,1000,0.005097249409172263,0.26,0.26267230005116327,614
k,"nitrogen,sand,silt,mean_annual_air_temp_c,mean_precip",0.7,3,1000,0.005134636920337703,0.25,0.25181626982468064,614
k,"nitrogen,sand,silt,mean_annual_air_temp_c,mean_precip",0.7,4,1000,0.005203441536608421,0.23,0.23163045977210472,614
k,"nitrogen,sand,silt,mean_annual_air_temp_c,mean_precip",0.7,5,1000,0.005275673124257971,0.21,0.210150150277578,614
k,"nitrogen,sand,silt,mean_annual_air_temp_c,mean_precip",0.7,6,1000,0.005355524393744548,0.19,0.18605926311779153,614
k,"nitrogen,sand,silt,mean_annual_air_temp_c,mean_precip",0.7,2,2000,0.005098167439577541,0.26,0.262406686129697,614
k,"nitrogen,sand,silt,mean_annual_air_temp_c,mean_precip",0.7,3,2000,0.005133726845779896,0.25,0.25208146584363056,614
k,"nitrogen,sand,silt,mean_annual_air_temp_c,mean_precip",0.7,4,2000,0.005198529977204708,0.23,0.23308031234157967,614
k,"nitrogen,sand,silt,mean_annual_air_temp_c,mean_precip",0.7,5,2000,0.005273728790113272,0.21,0.21073223677195552,614
k,"nitrogen,sand,silt,mean_annual_air_temp_c,mean_precip",0.7,6,2000,0.005345438758910465,0.19,0.18912203668147054,614
k,"nitrogen,sand,silt,mean_annual_air_temp_c,mean_precip",0.8,2,100,0.005383847400578236,0.22,0.21832324239357648,409
k,"nitrogen,sand,silt,mean_annual_air_temp_c,mean_precip",0.8,3,100,0.005416497345408847,0.21,0.20881365256020867,409
k,"nitrogen,sand,silt,mean_annual_air_temp_c,mean_precip",0.8,4,100,0.0054860390811483865,0.19,0.18836734977043257,409
k,"nitrogen,sand,silt,mean_annual_air_temp_c,mean_precip",0.8,5,100,0.005579936553044448,0.16,0.160346240458072,409
k,"nitrogen,sand,silt,mean_annual_air_temp_c,mean_precip",0.8,6,100,0.005634229487353894,0.14,0.14392703975764432,409
k,"nitrogen,sand,silt,mean_annual_air_temp_c,mean_precip",0.8,2,500,0.005358620987156014,0.23,0.22563128900217744,409
k,"nitrogen,sand,silt,mean_annual_air_temp_c,mean_precip",0.8,3,500,0.005410978718244302,0.21,0.21042504010312424,409
k,"nitrogen,sand,silt,mean_annual_air_temp_c,mean_precip",0.8,4,500,0.0054408304283450415,0.2,0.2016890310023336,409
k,"nitrogen,sand,silt,mean_annual_air_temp_c,mean_precip",0.8,5,500,0.005538980339113567,0.17,0.17262696534027155,409
k,"nitrogen,sand,silt,mean_annual_air_temp_c,mean_precip",0.8,6,500,0.005610339485958233,0.15,0.15117141108693077,409
k,"nitrogen,sand,silt,mean_annual_air_temp_c,mean_precip",0.8,2,1000,0.00536764547637351,0.22,0.22302085374068736,409
k,"nitrogen,sand,silt,mean_annual_air_temp_c,mean_precip",0.8,3,1000,0.005407441270513749,0.21,0.2114570778552729,409
k,"nitrogen,sand,silt,mean_annual_air_temp_c,mean_precip",0.8,4,1000,0.00544511875372965,0.2,0.20043011791403476,409
k,"nitrogen,sand,silt,mean_annual_air_temp_c,mean_precip",0.8,5,1000,0.005526172615888963,0.18,0.1764487927496896,409
k,"nitrogen,sand,silt,mean_annual_air_temp_c,mean_precip",0.8,6,1000,0.005598895389413531,0.15,0.1546307984734293,409
k,"nitrogen,sand,silt,mean_annual_air_temp_c,mean_precip",0.8,2,2000,0.005370419345867092,0.22,0.2222175981426402,409
k,"nitrogen,sand,silt,mean_annual_air_temp_c,mean_precip",0.8,3,2000,0.005409228967144652,0.21,0.21093560809772138,409
k,"nitrogen,sand,silt,mean_annual_air_temp_c,mean_precip",0.8,4,2000,0.005452168093535387,0.2,0.19835850531349308,409
k,"nitrogen,sand,silt,mean_annual_air_temp_c,mean_precip",0.8,5,2000,0.005529298271522649,0.18,0.17551691253970536,409
k,"nitrogen,sand,silt,mean_annual_air_temp_c,mean_precip",0.8,6,2000,0.005601589016376668,0.15,0.15381718904695074,409
k,"nitrogen,sand,silt,mean_annual_air_temp_c,mean_precip",0.9,2,100,0.0054332870654079735,0.18,0.1765974926021966,205
k,"nitrogen,sand,silt,mean_annual_air_temp_c,mean_precip",0.9,3,100,0.005489140034285147,0.16,0.1595816954283189,205
k,"nitrogen,sand,silt,mean_annual_air_temp_c,mean_precip",0.9,4,100,0.00556273932544535,0.14,0.13689367264693642,205
k,"nitrogen,sand,silt,mean_annual_air_temp_c,mean_precip",0.9,5,100,0.005722605858506349,0.09,0.08657151123249807,205
k,"nitrogen,sand,silt,mean_annual_air_temp_c,mean_precip",0.9,6,100,0.00580302145431929,0.06,0.060719654601924744,205
k,"nitrogen,sand,silt,mean_annual_air_temp_c,mean_precip",0.9,2,500,0.005425003815348909,0.18,0.17910619489266844,205
k,"nitrogen,sand,silt,mean_annual_air_temp_c,mean_precip",0.9,3,500,0.005472333355843934,0.16,0.1647202113573496,205
k,"nitrogen,sand,silt,mean_annual_air_temp_c,mean_precip",0.9,4,500,0.005543991312299602,0.14,0.14270169623025397,205
k,"nitrogen,sand,silt,mean_annual_air_temp_c,mean_precip",0.9,5,500,0.005637900741802722,0.11,0.11341223520554378,205
k,"nitrogen,sand,silt,mean_annual_air_temp_c,mean_precip",0.9,6,500,0.005728305586757068,0.08,0.08475105145191775,205
k,"nitrogen,sand,silt,mean_annual_air_temp_c,mean_precip",0.9,2,1000,0.005414154732024687,0.18,0.1823862073712499,205
k,"nitrogen,sand,silt,mean_annual_air_temp_c,mean_precip",0.9,3,1000,0.005470798935200283,0.17,0.16518856398863457,205
k,"nitrogen,sand,silt,mean_annual_air_temp_c,mean_precip",0.9,4,1000,0.005542516764158103,0.14,0.1431576707936565,205
k,"nitrogen,sand,silt,mean_annual_air_temp_c,mean_precip",0.9,5,1000,0.005636541175225448,0.11,0.11383978078016055,205
k,"nitrogen,sand,silt,mean_annual_air_temp_c,mean_precip",0.9,6,1000,0.005739281578201565,0.08,0.0812402789177703,205
k,"nitrogen,sand,silt,mean_annual_air_temp_c,mean_precip",0.9,2,2000,0.005414821748631872,0.18,0.18218473711453453,205
k,"nitrogen,sand,silt,mean_annual_air_temp_c,mean_precip",0.9,3,2000,0.005462850589976053,0.17,0.16761254242878654,205
k,"nitrogen,sand,silt,mean_annual_air_temp_c,mean_precip",0.9,4,2000,0.005537312370397895,0.14,0.14476605608528792,205
k,"nitrogen,sand,silt,mean_annual_air_temp_c,mean_precip",0.9,5,2000,0.005635324090066788,0.11,0.11422243247203545,205
k,"nitrogen,sand,silt,mean_annual_air_temp_c,mean_precip",0.9,6,2000,0.005741796620393279,0.08,0.0804348729701343,205
k,"clay,nitrogen,sand,silt,mean_annual_air_temp_c,mean_precip",0.6,2,100,0.005091787473266208,0.24,0.2393168527806675,818
k,"clay,nitrogen,sand,silt,mean_annual_air_temp_c,mean_precip",0.6,3,100,0.005153569249547018,0.22,0.22074519241288626,818
k,"clay,nitrogen,sand,silt,mean_annual_air_temp_c,mean_precip",0.6,4,100,0.005160222800940768,0.22,0.21873176885976797,818
k,"clay,nitrogen,sand,silt,mean_annual_air_temp_c,mean_precip",0.6,5,100,0.005226806142395458,0.2,0.19843998694556841,818
k,"clay,nitrogen,sand,silt,mean_annual_air_temp_c,mean_precip",0.6,6,100,0.005265337226484777,0.19,0.1865785118138591,818
k,"clay,nitrogen,sand,silt,mean_annual_air_temp_c,mean_precip",0.6,2,500,0.005037121296623624,0.26,0.2555627842885265,818
k,"clay,nitrogen,sand,silt,mean_annual_air_temp_c,mean_precip",0.6,3,500,0.005088946517756503,0.24,0.240165460114523,818
k,"clay,nitrogen,sand,silt,mean_annual_air_temp_c,mean_precip",0.6,4,500,0.005129399806928339,0.23,0.22803722199942467,818
k,"clay,nitrogen,sand,silt,mean_annual_air_temp_c,mean_precip",0.6,5,500,0.005204178933762032,0.21,0.20536498352778387,818
k,"clay,nitrogen,sand,silt,mean_annual_air_temp_c,mean_precip",0.6,6,500,0.0052555963431473625,0.19,0.1895853903051704,818
k,"clay,nitrogen,sand,silt,mean_annual_air_temp_c,mean_precip",0.6,2,1000,0.005021650547895749,0.26,0.26012861229855333,818
k,"clay,nitrogen,sand,silt,mean_annual_air_temp_c,mean_precip",0.6,3,1000,0.005082403420752479,0.24,0.24211811374485293,818
k,"clay,nitrogen,sand,silt,mean_annual_air_temp_c,mean_precip",0.6,4,1000,0.005133536141283012,0.23,0.22679170255015868,818
k,"clay,nitrogen,sand,silt,mean_annual_air_temp_c,mean_precip",0.6,5,1000,0.0051954617264357555,0.21,0.2080248446802334,818
k,"clay,nitrogen,sand,silt,mean_annual_air_temp_c,mean_precip",0.6,6,1000,0.005246774882858465,0.19,0.19230365100788804,818
k,"clay,nitrogen,sand,silt,mean_annual_air_temp_c,mean_precip",0.6,2,2000,0.005024837096497152,0.26,0.259189325844288,818
k,"clay,nitrogen,sand,silt,mean_annual_air_temp_c,mean_precip",0.6,3,2000,0.005072381027400906,0.25,0.24510422105665697,818
k,"clay,nitrogen,sand,silt,mean_annual_air_temp_c,mean_precip",0.6,4,2000,0.005126282006630079,0.23,0.22897538022465935,818
k,"clay,nitrogen,sand,silt,mean_annual_air_temp_c,mean_precip",0.6,5,2000,0.005182828692391635,0.21,0.21187161931860354,818
k,"clay,nitrogen,sand,silt,mean_annual_air_temp_c,mean_precip",0.6,6,2000,0.005239406013544793,0.19,0.19457080728734455,818
k,"clay,nitrogen,sand,silt,mean_annual_air_temp_c,mean_precip",0.7,2,100,0.005058638797824508,0.27,0.27380020407250105,614
k,"clay,nitrogen,sand,silt,mean_annual_air_temp_c,mean_precip",0.7,3,100,0.005115427433127185,0.26,0.257403944916735,614
k,"clay,nitrogen,sand,silt,mean_annual_air_temp_c,mean_precip",0.7,4,100,0.005075748507795945,0.27,0.26887948097354275,614
k,"clay,nitrogen,sand,silt,mean_annual_air_temp_c,mean_precip",0.7,5,100,0.005172316008796039,0.24,0.24079530892105439,614
k,"clay,nitrogen,sand,silt,mean_annual_air_temp_c,mean_precip",0.7,6,100,0.005253733098094394,0.22,0.21670601228327602,614
k,"clay,nitrogen,sand,silt,mean_annual_air_temp_c,mean_precip",0.7,2,500,0.005009702763338416,0.29,0.2877824035974911,614
k,"clay,nitrogen,sand,silt,mean_annual_air_temp_c,mean_precip",0.7,3,500,0.0050551038611528955,0.27,0.2748147747773577,614
k,"clay,nitrogen,sand,silt,mean_annual_air_temp_c,mean_precip",0.7,4,500,0.005071551244137324,0.27,0.27008814479330856,614
k,"clay,nitrogen,sand,silt,mean_annual_air_temp_c,mean_precip",0.7,5,500,0.005125106438301805,0.25,0.25459112387759686,614
k,"clay,nitrogen,sand,silt,mean_annual_air_temp_c,mean_precip",0.7,6,500,0.005189821442953531,0.24,0.235647635145106,614
k,"clay,nitrogen,sand,silt,mean_annual_air_temp_c,mean_precip",0.7,2,1000,0.005018454702194394,0.29,0.28529174500255083,614
k,"clay,nitrogen,sand,silt,mean_annual_air_temp_c,mean_precip",0.7,3,1000,0.005047283690538623,0.28,0.27705674084238874,614
k,"clay,nitrogen,sand,silt,mean_annual_air_temp_c,mean_precip",0.7,4,1000,0.005083108503312944,0.27,0.2667576480750963,614
k,"clay,nitrogen,sand,silt,mean_annual_air_temp_c,mean_precip",0.7,5,1000,0.005116776731265588,0.26,0.257012143592376,614
k,"clay,nitrogen,sand,silt,mean_annual_air_temp_c,mean_precip",0.7,6,1000,0.005194814655426447,0.23,0.23417613567329276,614
k,"clay,nitrogen,sand,silt,mean_annual_air_temp_c,mean_precip",0.7,2,2000,0.005018733928901311,0.29,0.28521221008744024,614
k,"clay,nitrogen,sand,silt,mean_annual_air_temp_c,mean_precip",0.7,3,2000,0.005039028881436839,0.28,0.27941954778592215,614
k,"clay,nitrogen,sand,silt,mean_annual_air_temp_c,mean_precip",0.7,4,2000,0.005081996027053072,0.27,0.2670785640839084,614
k,"clay,nitrogen,sand,silt,mean_annual_air_temp_c,mean_precip",0.7,5,2000,0.00512213997379187,0.26,0.25545377485350995,614
k,"clay,nitrogen,sand,silt,mean_annual_air_temp_c,mean_precip",0.7,6,2000,0.005191850584231984,0.24,0.23504981799226032,614
k,"clay,nitrogen,sand,silt,mean_annual_air_temp_c,mean_precip",0.8,2,100,0.005309482971050687,0.24,0.23976794118365263,409
k,"clay,nitrogen,sand,silt,mean_annual_air_temp_c,mean_precip",0.8,3,100,0.0052776272718663515,0.25,0.24886301634253227,409
k,"clay,nitrogen,sand,silt,mean_annual_air_temp_c,mean_precip",0.8,4,100,0.005335048286757585,0.23,0.23242923640751867,409
k,"clay,nitrogen,sand,silt,mean_annual_air_temp_c,mean_precip",0.8,5,100,0.005285666834153065,0.25,0.24657281591586855,409
k,"clay,nitrogen,sand,silt,mean_annual_air_temp_c,mean_precip",0.8,6,100,0.005435529703212895,0.2,0.2032437810510802,409
k,"clay,nitrogen,sand,silt,mean_annual_air_temp_c,mean_precip",0.8,2,500,0.005261411881706077,0.25,0.25347162823279,409
k,"clay,nitrogen,sand,silt,mean_annual_air_temp_c,mean_precip",0.8,3,500,0.0052744860415694875,0.25,0.24975689988002758,409
k,"clay,nitrogen,sand,silt,mean_annual_air_temp_c,mean_precip",0.8,4,500,0.005296782454904504,0.24,0.24340060809023856,409
k,"clay,nitrogen,sand,silt,mean_annual_air_temp_c,mean_precip",0.8,5,500,0.005320730850798173,0.24,0.23654350058912754,409
k,"clay,nitrogen,sand,silt,mean_annual_air_temp_c,mean_precip",0.8,6,500,0.0054021702202048825,0.21,0.21299363586838638,409
k,"clay,nitrogen,sand,silt,mean_annual_air_temp_c,mean_precip",0.8,2,1000,0.0052641081468336355,0.25,0.2527062997579378,409
k,"clay,nitrogen,sand,silt,mean_annual_air_temp_c,mean_precip",0.8,3,1000,0.005262503494474391,0.25,0.2531618237701436,409
k,"clay,nitrogen,sand,silt,mean_annual_air_temp_c,mean_precip",0.8,4,1000,0.005304315199469982,0.24,0.24124710355254675,409
k,"clay,nitrogen,sand,silt,mean_annual_air_temp_c,mean_precip",0.8,5,1000,0.005330792051598082,0.23,0.23365346469007153,409
k,"clay,nitrogen,sand,silt,mean_annual_air_temp_c,mean_precip",0.8,6,1000,0.00538539790224493,0.22,0.21787294521878875,409
k,"clay,nitrogen,sand,silt,mean_annual_air_temp_c,mean_precip",0.8,2,2000,0.005265398435926006,0.25,0.2523399155370102,409
k,"clay,nitrogen,sand,silt,mean_annual_air_temp_c,mean_precip",0.8,3,2000,0.005268269232488206,0.25,0.2515244159503641,409
k,"clay,nitrogen,sand,silt,mean_annual_air_temp_c,mean_precip",0.8,4,2000,0.005315849575460824,0.24,0.2379436585985656,409
k,"clay,nitrogen,sand,silt,mean_annual_air_temp_c,mean_precip",0.8,5,2000,0.00534102062474537,0.23,0.23070975509155833,409
k,"clay,nitrogen,sand,silt,mean_annual_air_temp_c,mean_precip",0.8,6,2000,0.00539406911956677,0.22,0.2153522573324036,409
k,"clay,nitrogen,sand,silt,mean_annual_air_temp_c,mean_precip",0.9,2,100,0.0054927243649254935,0.16,0.15848377460003915,205
k,"clay,nitrogen,sand,silt,mean_annual_air_temp_c,mean_precip",0.9,3,100,0.0055363313176797465,0.15,0.1450690750241661,205
k,"clay,nitrogen,sand,silt,mean_annual_air_temp_c,mean_precip",0.9,4,100,0.005560635842459061,0.14,0.13754629579119282,205
k,"clay,nitrogen,sand,silt,mean_annual_air_temp_c,mean_precip",0.9,5,100,0.005577736676945841,0.13,0.13223346572952088,205
k,"clay,nitrogen,sand,silt,mean_annual_air_temp_c,mean_precip",0.9,6,100,0.0057789714612860865,0.07,0.0684890125783505,205
k,"clay,nitrogen,sand,silt,mean_annual_air_temp_c,mean_precip",0.9,2,500,0.005407827586518369,0.18,0.18429606733392911,205
k,"clay,nitrogen,sand,silt,mean_annual_air_temp_c,mean_precip",0.9,3,500,0.00547316702879674,0.16,0.16446569352568596,205
k,"clay,nitrogen,sand,silt,mean_annual_air_temp_c,mean_precip",0.9,4,500,0.005503613951432973,0.16,0.15514377538559476,205
k,"clay,nitrogen,sand,silt,mean_annual_air_temp_c,mean_precip",0.9,5,500,0.005560829729574605,0.14,0.1374861510232167,205
k,"clay,nitrogen,sand,silt,mean_annual_air_temp_c,mean_precip",0.9,6,500,0.005674162123344052,0.1,0.10197099670594845,205
k,"clay,nitrogen,sand,silt,mean_annual_air_temp_c,mean_precip",0.9,2,1000,0.005419545805848261,0.18,0.18075714021441514,205
k,"clay,nitrogen,sand,silt,mean_annual_air_temp_c,mean_precip",0.9,3,1000,0.0054645770790662405,0.17,0.167086320840367,205
k,"clay,nitrogen,sand,silt,mean_annual_air_temp_c,mean_precip",0.9,4,1000,0.005509055383769272,0.15,0.15347232798240373,205
k,"clay,nitrogen,sand,silt,mean_annual_air_temp_c,mean_precip",0.9,5,1000,0.0055866733967713,0.13,0.12945054519793386,205
k,"clay,nitrogen,sand,silt,mean_annual_air_temp_c,mean_precip",0.9,6,1000,0.005667673841169013,0.1,0.10402357614053681,205
k,"clay,nitrogen,sand,silt,mean_annual_air_temp_c,mean_precip",0.9,2,2000,0.005422545897945478,0.18,0.17984987440308176,205
k,"clay,nitrogen,sand,silt,mean_annual_air_temp_c,mean_precip",0.9,3,2000,0.005457800366966434,0.17,0.16915085987394762,205
k,"clay,nitrogen,sand,silt,mean_annual_air_temp_c,mean_precip",0.9,4,2000,0.0055082548495268115,0.15,0.15371833209896402,205
k,"clay,nitrogen,sand,silt,mean_annual_air_temp_c,mean_precip",0.9,5,2000,0.005582088691101346,0.13,0.13087879240080835,205
k,"clay,nitrogen,sand,silt,mean_annual_air_temp_c,mean_precip",0.9,6,2000,0.005662768349241858,0.11,0.10557387813943608,205
